IMBD title ID,Title,Release year,Genre,Duration,Country,Content Rating,Director, Box Office , Votes ,Score,,,,,,,,,,,,,,,,,,,,,,,
tt0111161,The Shawshank Redemption,2/10/1995,Drama,142,USA ,R ,Frank Darabont ,"$28,815,245.00 ",2.278.845 ,9.3,,,,,,,,,,,,,,,,,,,,,,,
tt0068646,The Godfather,9/21/1972,Crime,175, USA, R, Francis Ford Coppola,"$246,120,974.00 ", 1.572.674,9.2,,,,,,,,,,,,,,,,,,,,,,,
tt0068646,The Godfather,9/21/1972,Drama,175, USA, R, Francis Ford Coppola,"$246,120,974.00 ", 1.572.674,9.2,,,,,,,,,,,,,,,,,,,,,,,
tt0468569,The Dark Knight, 23 /07/2008,Action,152, US, PG-13, Christopher Nolan,"$1,005,455,211.00 ", 2.241.615,9,,,,,,,,,,,,,,,,,,,,,,,
tt0468569,The Dark Knight, 23 /07/2008,Crime,152, US, PG-13, Christopher Nolan,"$1,005,455,211.00 ", 2.241.615,9,,,,,,,,,,,,,,,,,,,,,,,
tt0468569,The Dark Knight, 23 /07/2008,Drama,152, US, PG-13, Christopher Nolan,"$1,005,455,211.00 ", 2.241.615,9,,,,,,,,,,,,,,,,,,,,,,,
tt0071562,The Godfather: Part II,9/25/1975,Crime,220, USA, R, Francis Ford Coppola,"$48,000,000.00 ",1.098.714,9,,,,,,,,,,,,,,,,,,,,,,,
tt0071562,The Godfather: Part II,9/25/1975,Drama,220, USA, R, Francis Ford Coppola,"$48,000,000.00 ",1.098.714,9,,,,,,,,,,,,,,,,,,,,,,,
tt0110912,Pulp Fiction,10/28/1994,Crime,154, USA, R, Quentin Tarantino,"$222,831,817.00 ", 1.780.147,8,,,,,,,,,,,,,,,,,,,,,,,
tt0110912,Pulp Fiction,10/28/1994,Drama,154, USA, R, Quentin Tarantino,"$222,831,817.00 ", 1.780.147,8,,,,,,,,,,,,,,,,,,,,,,,
tt0167260,The Lord of the Rings: The Return of the King,2/22/2004,Action,201, New Zealand, PG-13, Peter Jackson,"$1,142,271,098.00 ", 1.604.280,8.9,,,,,,,,,,,,,,,,,,,,,,,
tt0167260,The Lord of the Rings: The Return of the King,2/22/2004,Adventure,201, New Zealand, PG-13, Peter Jackson,"$1,142,271,098.00 ", 1.604.280,8.9,,,,,,,,,,,,,,,,,,,,,,,
tt0167260,The Lord of the Rings: The Return of the King,2/22/2004,Drama,201, New Zealand, PG-13, Peter Jackson,"$1,142,271,098.00 ", 1.604.280,8.9,,,,,,,,,,,,,,,,,,,,,,,
tt0108052,Schindler's List,3/11/1994,Biography,195, USA, R, Steven Spielberg,"$322,287,794.00 ", 1.183.248,8.9,,,,,,,,,,,,,,,,,,,,,,,
tt0108052,Schindler's List,3/11/1994,Drama,195, USA, R, Steven Spielberg,"$322,287,794.00 ", 1.183.248,8.9,,,,,,,,,,,,,,,,,,,,,,,
tt0108052,Schindler's List,3/11/1994,History,195, USA, R, Steven Spielberg,"$322,287,794.00 ", 1.183.248,8.9,,,,,,,,,,,,,,,,,,,,,,,
tt0050083,12 Angry Men,9/4/1957,Crime Drama,96, USA, Not Rated, Sidney Lumet,$576.00 ,668.473,8.9,,,,,,,,,,,,,,,,,,,,,,,
tt1375666,Inception,9/24/2010,Action,148, USA, PG-13, Christopher Nolan,"$869,784,991.00 ", 2.002.816,8.8,,,,,,,,,,,,,,,,,,,,,,,
tt1375666,Inception,9/24/2010,Adventure,148, USA, PG-13, Christopher Nolan,"$869,784,991.00 ", 2.002.816,8.8,,,,,,,,,,,,,,,,,,,,,,,
tt1375666,Inception,9/24/2010,Sci-Fi,148, USA, PG-13, Christopher Nolan,"$869,784,991.00 ", 2.002.816,8.8,,,,,,,,,,,,,,,,,,,,,,,
tt0137523,Fight Club,10/29/1999,Drama,139,UK ,R ,David Fincher ,"$101,218,804.00 ",1.807.440 ,8.8,,,,,,,,,,,,,,,,,,,,,,,
tt0109830,Forrest Gump,10/6/1994,Drama,142, USA, PG-13, Robert Zemeckis,"$678,229,452.00 ", 1.755.490,8.8,,,,,,,,,,,,,,,,,,,,,,,
tt0109830,Forrest Gump,10/6/1994,Romance,142, USA, PG-13, Robert Zemeckis,"$678,229,452.00 ", 1.755.490,8.8,,,,,,,,,,,,,,,,,,,,,,,
tt0120737,The Lord of the Rings: The Fellowship of the Ring,1/18/2002,Action,178, New Zealand, PG-13, Peter Jackson,"$887,934,303.00 ", 1.619.920,8.8,,,,,,,,,,,,,,,,,,,,,,,
tt0120737,The Lord of the Rings: The Fellowship of the Ring,1/18/2002,Adventure,178, New Zealand, PG-13, Peter Jackson,"$887,934,303.00 ", 1.619.920,8.8,,,,,,,,,,,,,,,,,,,,,,,
tt0120737,The Lord of the Rings: The Fellowship of the Ring,1/18/2002,Drama,178, New Zealand, PG-13, Peter Jackson,"$887,934,303.00 ", 1.619.920,8.8,,,,,,,,,,,,,,,,,,,,,,,
tt0133093,The Matrix,5/7/1999,Action,136, USA, R,"Lilly Wachowski, Lana Wachowski","$465,718,588.00 ",1.632.315,8.7,,,,,,,,,,,,,,,,,,,,,,,
tt0133093,The Matrix,5/7/1999,Sci-Fi,136, USA, R,"Lilly Wachowski, Lana Wachowski","$465,718,588.00 ",1.632.315,8.7,,,,,,,,,,,,,,,,,,,,,,,
tt0167261,The Lord of the Rings: The Two Towers,1/16/2003,Action,179, New Zeland, PG-13, Peter Jackson,"$951,227,416.00 ", 1.449.778,8.7,,,,,,,,,,,,,,,,,,,,,,,
tt0167261,The Lord of the Rings: The Two Towers,1/16/2003,Adventure,179, New Zeland, PG-13, Peter Jackson,"$951,227,416.00 ", 1.449.778,8.7,,,,,,,,,,,,,,,,,,,,,,,
tt0167261,The Lord of the Rings: The Two Towers,1/16/2003,Drama,179, New Zeland, PG-13, Peter Jackson,"$951,227,416.00 ", 1.449.778,8.7,,,,,,,,,,,,,,,,,,,,,,,
tt0080684,Star Wars: Episode V - The Empire Strikes Back,9/19/1980,Action,124, USA, PG, Irvin Kershner,"$549,265,501.00 ", 1.132.073,8,,,,,,,,,,,,,,,,,,,,,,,
tt0080684,Star Wars: Episode V - The Empire Strikes Back,9/19/1980,Adventure,124, USA, PG, Irvin Kershner,"$549,265,501.00 ", 1.132.073,8,,,,,,,,,,,,,,,,,,,,,,,
tt0080684,Star Wars: Episode V - The Empire Strikes Back,9/19/1980,Fantasy,124, USA, PG, Irvin Kershner,"$549,265,501.00 ", 1.132.073,8,,,,,,,,,,,,,,,,,,,,,,,
tt0099685,Goodfellas,9/20/1990,Biography,146, USA, R, Martin Scorsese,"$46,879,633.00 ",991.505,8.7,,,,,,,,,,,,,,,,,,,,,,,
tt0099685,Goodfellas,9/20/1990,Crime,146, USA, R, Martin Scorsese,"$46,879,633.00 ",991.505,8.7,,,,,,,,,,,,,,,,,,,,,,,
tt0099685,Goodfellas,9/20/1990,Drama,146, USA, R, Martin Scorsese,"$46,879,633.00 ",991.505,8.7,,,,,,,,,,,,,,,,,,,,,,,
tt0073486,One Flew Over the Cuckoo's Nest,18/11/1976,Drama,133,USA ,R ,Milos Forman ,"$108,997,629.00 ",891.071,8.7,,,,,,,,,,,,,,,,,,,,,,,
tt0816692,Interstellar,11/6/2014,Adventure,169, USA, PG-13, Christopher Nolan,"$696,742,056.00 ", 1.449.256,8.6,,,,,,,,,,,,,,,,,,,,,,,
tt0816692,Interstellar,11/6/2014,Drama,169, USA, PG-13, Christopher Nolan,"$696,742,056.00 ", 1.449.256,8.6,,,,,,,,,,,,,,,,,,,,,,,
tt0816692,Interstellar,11/6/2014,Sci-Fi,169, USA, PG-13, Christopher Nolan,"$696,742,056.00 ", 1.449.256,8.6,,,,,,,,,,,,,,,,,,,,,,,
tt0114369,Se7en,12/15/1995,Crime,127, USA, R, David Fincher,"$327,333,559.00 ", 1.402.015,8.6,,,,,,,,,,,,,,,,,,,,,,,
tt0114369,Se7en,12/15/1995,Drama,127, USA, R, David Fincher,"$327,333,559.00 ", 1.402.015,8.6,,,,,,,,,,,,,,,,,,,,,,,
tt0114369,Se7en,12/15/1995,Mystery,127, USA, R, David Fincher,"$327,333,559.00 ", 1.402.015,8.6,,,,,,,,,,,,,,,,,,,,,,,
tt0102926,The Silence of the Lambs,3/5/1991,Crime,118, USA, R, Jonathan Demme,"$272,753,884.00 ", 1.234.134,8,,,,,,,,,,,,,,,,,,,,,,,
tt0102926,The Silence of the Lambs,3/5/1991,Drama,118, USA, R, Jonathan Demme,"$272,753,884.00 ", 1.234.134,8,,,,,,,,,,,,,,,,,,,,,,,
tt0102926,The Silence of the Lambs,3/5/1991,Thriller,118, USA, R, Jonathan Demme,"$272,753,884.00 ", 1.234.134,8,,,,,,,,,,,,,,,,,,,,,,,
tt0076759,Star Wars,10/20/1977,Action,121, USA, PG, George Lucas,"$775,768,912.00 ", 1.204.107,8.6,,,,,,,,,,,,,,,,,,,,,,,
tt0076759,Star Wars,10/20/1977,Adventure,121, USA, PG, George Lucas,"$775,768,912.00 ", 1.204.107,8.6,,,,,,,,,,,,,,,,,,,,,,,
tt0076759,Star Wars,10/20/1977,Fantasy,121, USA, PG, George Lucas,"$775,768,912.00 ", 1.204.107,8.6,,,,,,,,,,,,,,,,,,,,,,,
tt0120815,Saving Private Ryan,10/30/1998,Drama War,169, USA, R, Steven Spielberg,"$482,349,603.00 ", 1.203.825,8.6,,,,,,,,,,,,,,,,,,,,,,,
tt0120689,The Green Mile,10/3/2000,Crime,189, US., R, Frank Darabont,"$286,801,374.00 ", 1.112.336,8.6,,,,,,,,,,,,,,,,,,,,,,,
tt0120689,The Green Mile,10/3/2000,Drama,189, US., R, Frank Darabont,"$286,801,374.00 ", 1.112.336,8.6,,,,,,,,,,,,,,,,,,,,,,,
tt0120689,The Green Mile,10/3/2000,Fantasy,189, US., R, Frank Darabont,"$286,801,374.00 ", 1.112.336,8.6,,,,,,,,,,,,,,,,,,,,,,,
tt0317248,Cidade de Deus,5/9/2003,Crime,130, Brazil, R, Fernando Meirelles,"$30,680,793.00 ",685.856,8.6,,,,,,,,,,,,,,,,,,,,,,,
tt0317248,Cidade de Deus,5/9/2003,Drama,130, Brazil, R, Fernando Meirelles,"$30,680,793.00 ",685.856,8.6,,,,,,,,,,,,,,,,,,,,,,,
tt0245429,Sen to Chihiro no kamikakushi,4/18/2003,Animation,125, Japan, PG, Hayao Miyazaki,"$355,467,056.00 ",626.693,8.6,,,,,,,,,,,,,,,,,,,,,,,
tt0245429,Sen to Chihiro no kamikakushi,4/18/2003,Adventure,125, Japan, PG, Hayao Miyazaki,"$355,467,056.00 ",626.693,8.6,,,,,,,,,,,,,,,,,,,,,,,
tt0245429,Sen to Chihiro no kamikakushi,4/18/2003,Family,125, Japan, PG, Hayao Miyazaki,"$355,467,056.00 ",626.693,8.6,,,,,,,,,,,,,,,,,,,,,,,
tt0118799,La vita B9 bella,12/20/1997,Comedy,116, Italy,U/A, Roberto Benigni,"$230,098,753.00 ",605.648,8.6,,,,,,,,,,,,,,,,,,,,,,,
tt0118799,La vita B9 bella,12/20/1997,Drama,116, Italy,U/A, Roberto Benigni,"$230,098,753.00 ",605.648,8.6,,,,,,,,,,,,,,,,,,,,,,,
tt0118799,La vita B9 bella,12/20/1997,Romance,116, Italy,U/A, Roberto Benigni,"$230,098,753.00 ",605.648,8.6,,,,,,,,,,,,,,,,,,,,,,,
tt6751668,Gisaengchung,11/7/2019,Comedy,132, South Korea,U/A, Bong Joon Ho,"$257,604,912.00 ",470.931,8.6,,,,,,,,,,,,,,,,,,,,,,,
tt6751668,Gisaengchung,11/7/2019,Drama,132, South Korea,U/A, Bong Joon Ho,"$257,604,912.00 ",470.931,8.6,,,,,,,,,,,,,,,,,,,,,,,
tt6751668,Gisaengchung,11/7/2019,Thriller,132, South Korea,U/A, Bong Joon Ho,"$257,604,912.00 ",470.931,8.6,,,,,,,,,,,,,,,,,,,,,,,
tt0038650,It's a Wonderful Life,3/11/1948,Drama,130, USA,U/A, Frank Capra,"$6,130,720.00 ",388.31,8.6,,,,,,,,,,,,,,,,,,,,,,,
tt0038650,It's a Wonderful Life,3/11/1948,Family,130, USA,U/A, Frank Capra,"$6,130,720.00 ",388.31,8.6,,,,,,,,,,,,,,,,,,,,,,,
tt0038650,It's a Wonderful Life,3/11/1948,Fantasy,130, USA,U/A, Frank Capra,"$6,130,720.00 ",388.31,8.6,,,,,,,,,,,,,,,,,,,,,,,
tt0047478,Shichinin no samurai,8/19/1955,Action,207, Japan, Unrated, Akira Kurosawa,"$322,773.00 ",307.958,8.6,,,,,,,,,,,,,,,,,,,,,,,
tt0047478,Shichinin no samurai,8/19/1955,Adventure,207, Japan, Unrated, Akira Kurosawa,"$322,773.00 ",307.958,8.6,,,,,,,,,,,,,,,,,,,,,,,
tt0047478,Shichinin no samurai,8/19/1955,Drama,207, Japan, Unrated, Akira Kurosawa,"$322,773.00 ",307.958,8.6,,,,,,,,,,,,,,,,,,,,,,,
tt0172495,Gladiator,5/19/2000,Action,155, USA, R, Ridley Scott,"$465,361,176.00 ", 1.308.193,8.5,,,,,,,,,,,,,,,,,,,,,,,
tt0172495,Gladiator,5/19/2000,Adventure,155, USA, R, Ridley Scott,"$465,361,176.00 ", 1.308.193,8.5,,,,,,,,,,,,,,,,,,,,,,,
tt0172495,Gladiator,5/19/2000,Drama,155, USA, R, Ridley Scott,"$465,361,176.00 ", 1.308.193,8.5,,,,,,,,,,,,,,,,,,,,,,,
tt0407887,The Departed,10/27/2006,Crime,151, USA, R, Martin Scorsese,"$291,465,034.00 ", 1.159.703,8.5,,,,,,,,,,,,,,,,,,,,,,,
tt0407887,The Departed,10/27/2006,Drama,151, USA, R, Martin Scorsese,"$291,465,034.00 ", 1.159.703,8.5,,,,,,,,,,,,,,,,,,,,,,,
tt0407887,The Departed,10/27/2006,Thriller,151, USA, R, Martin Scorsese,"$291,465,034.00 ", 1.159.703,8.5,,,,,,,,,,,,,,,,,,,,,,,
tt0482571,The Prestige,12/22/2006,Drama,130, UK, PG-13, Christopher Nolan,"$109,676,311.00 ", 1.155.723,8.5,,,,,,,,,,,,,,,,,,,,,,,
tt0482571,The Prestige,12/22/2006,Mystery,130, UK, PG-13, Christopher Nolan,"$109,676,311.00 ", 1.155.723,8.5,,,,,,,,,,,,,,,,,,,,,,,
tt0482571,The Prestige,12/22/2006,Sci-Fi,130, UK, PG-13, Christopher Nolan,"$109,676,311.00 ", 1.155.723,8.5,,,,,,,,,,,,,,,,,,,,,,,
tt0088763,Back to the Future,10/18/1985,Adventure,116, USA, PG, Robert Zemeckis,"$388,774,684.00 ", 1.027.330,8.5,,,,,,,,,,,,,,,,,,,,,,,
tt0088763,Back to the Future,10/18/1985,Comedy,116, USA, PG, Robert Zemeckis,"$388,774,684.00 ", 1.027.330,8.5,,,,,,,,,,,,,,,,,,,,,,,
tt0088763,Back to the Future,10/18/1985,Sci-Fi,116, USA, PG, Robert Zemeckis,"$388,774,684.00 ", 1.027.330,8.5,,,,,,,,,,,,,,,,,,,,,,,
tt0120586,American History X,8/27/1999,Drama,119,USA ,R ,Tony Kaye ,"$23,875,127.00 ",1.014.218 ,8.5,,,,,,,,,,,,,,,,,,,,,,,
tt0110413,Léon,4/7/1995,Action,110, France,U/A, Luc Besson,"$19,552,639.00 ", 1.007.598,8.5,,,,,,,,,,,,,,,,,,,,,,,
tt0110413,Léon,4/7/1995,Crime,110, France,U/A, Luc Besson,"$19,552,639.00 ", 1.007.598,8.5,,,,,,,,,,,,,,,,,,,,,,,
tt0110413,Léon,4/7/1995,Drama,110, France,U/A, Luc Besson,"$19,552,639.00 ", 1.007.598,8.5,,,,,,,,,,,,,,,,,,,,,,,
tt0103064,Terminator 2: Judgment Day,12/19/1991,Action,137, USA,U/A, James Cameron,"$520,884,847.00 ",974.97,8.4,,,,,,,,,,,,,,,,,,,,,,,
tt0103064,Terminator 2: Judgment Day,12/19/1991,Sci-Fi,137, USA,U/A, James Cameron,"$520,884,847.00 ",974.97,8.4,,,,,,,,,,,,,,,,,,,,,,,
tt0114814,The Usual Suspects,11/30/1995,Crime,106, USA,U/A, Bryan Singer,"$23,341,568.00 ",968.947,8.4,,,,,,,,,,,,,,,,,,,,,,,
tt0114814,The Usual Suspects,11/30/1995,Mystery,106, USA,U/A, Bryan Singer,"$23,341,568.00 ",968.947,8.4,,,,,,,,,,,,,,,,,,,,,,,
tt0114814,The Usual Suspects,11/30/1995,Thriller,106, USA,U/A, Bryan Singer,"$23,341,568.00 ",968.947,8.4,,,,,,,,,,,,,,,,,,,,,,,
tt0110357,The Lion King,11/25/1994,Animation,88, USA, G," Roger Allers,Rob Minkoff","$968,511,805.00 ", 1.007.598,8.5,,,,,,,,,,,,,,,,,,,,,,917.248,8.4
tt0110357,The Lion King,11/25/1994,Adventure,88, USA, G," Roger Allers,Rob Minkoff","$968,511,805.00 ", 1.007.598,8.5,,,,,,,,,,,,,,,,,,,,,,917.248,8.4
tt0110357,The Lion King,11/25/1994,Drama,88, USA, G," Roger Allers,Rob Minkoff","$968,511,805.00 ", 1.007.598,8.5,,,,,,,,,,,,,,,,,,,,,,917.248,8.4
tt7286456,Joker,10/3/2019,Crime,122, USA,U/A, Todd Phillips,"$1,074,251,311.00 ",855.097,8.4,,,,,,,,,,,,,,,,,,,,,,,
tt7286456,Joker,10/3/2019,Drama,122, USA,U/A, Todd Phillips,"$1,074,251,311.00 ",855.097,8.4,,,,,,,,,,,,,,,,,,,,,,,
tt7286456,Joker,10/3/2019,Thriller,122, USA,U/A, Todd Phillips,"$1,074,251,311.00 ",855.097,8.4,,,,,,,,,,,,,,,,,,,,,,,
tt1675434,Intouchables,2/24/2012,Biography,112, France,U/A, Olivier Nakache,"$426,588,510.00 ",855.097,8.4,,,,,,,,,,,,,,,,,,,,,,736.691,8.4
tt1675434,Intouchables,2/24/2012,Comedy,112, France,U/A, Olivier Nakache,"$426,588,510.00 ",855.097,8.4,,,,,,,,,,,,,,,,,,,,,,736.691,8.4
tt1675434,Intouchables,2/24/2012,Drama,112, France,U/A, Olivier Nakache,"$426,588,510.00 ",855.097,8.4,,,,,,,,,,,,,,,,,,,,,,736.691,8.4
tt0253474,The Pianist,10/25/2002,Biography,150, UK,U/A, Roman Polanski,"$120,072,577.00 ",707.942,8.4,,,,,,,,,,,,,,,,,,,,,,,
tt0253474,The Pianist,10/25/2002,Drama,150, UK,U/A, Roman Polanski,"$120,072,577.00 ",707.942,8.4,,,,,,,,,,,,,,,,,,,,,,,
tt0253474,The Pianist,10/25/2002,Music,150, UK,U/A, Roman Polanski,"$120,072,577.00 ",707.942,8.4,,,,,,,,,,,,,,,,,,,,,,,
tt2582802,Whiplash,2/12/2015,Drama,106, USA,U/A, Damien Chazelle,"$48,983,260.00 ",690.732,8.4,,,,,,,,,,,,,,,,,,,,,,,
tt2582802,Whiplash,2/12/2015,Music,106, USA,U/A, Damien Chazelle,"$48,983,260.00 ",690.732,8.4,,,,,,,,,,,,,,,,,,,,,,,
tt0054215,Psycho,10/28/1960,Horror,109, USA, R, Alfred Hitchcock,"$32,008,644.00 ",586.765,8.3,,,,,,,,,,,,,,,,,,,,,,,
tt0054215,Psycho,10/28/1960,Mystery,109, USA, R, Alfred Hitchcock,"$32,008,644.00 ",586.765,8.3,,,,,,,,,,,,,,,,,,,,,,,
tt0054215,Psycho,10/28/1960,Thriller,109, USA, R, Alfred Hitchcock,"$32,008,644.00 ",586.765,8.3,,,,,,,,,,,,,,,,,,,,,,,
tt0034583,Casablanca,21/11/46,Drama,102, USA, PG, Michael Curtiz,"$4,374,761.00 ",509.953,8.3,,,,,,,,,,,,,,,,,,,,,,,
tt0034583,Casablanca,21/11/46,Romance,102, USA, PG, Michael Curtiz,"$4,374,761.00 ",509.953,8.3,,,,,,,,,,,,,,,,,,,,,,,
tt0034583,Casablanca,21/11/46,War,102, USA, PG, Michael Curtiz,"$4,374,761.00 ",509.953,8.3,,,,,,,,,,,,,,,,,,,,,,,
tt0064116,C'era una volta il West,12/21/1968,Western,165,Italy ,PG-13 ,Sergio Leone ,"$112,911.00 ",295.22,8.3,,,,,,,,,,,,,,,,,,,,,,,
tt0095327,Hotaru no haka,10/11/2015,Animation,89, Japan,U/A, Isao Takahata,"$516,962.00 ",225.438,8.3,,,,,,,,,,,,,,,,,,,,,,,
tt0095327,Hotaru no haka,10/11/2015,Drama,89, Japan,U/A, Isao Takahata,"$516,962.00 ",225.438,8.3,,,,,,,,,,,,,,,,,,,,,,,
tt0095327,Hotaru no haka,10/11/2015,War,89, Japan,U/A, Isao Takahata,"$516,962.00 ",225.438,8.3,,,,,,,,,,,,,,,,,,,,,,,
tt0095765,Nuovo Cinema Paradiso,11/17/1988,Drama,155,Italy ,U/A,Giuseppe Tornatore ,"$13,826,605.00 ",223.05,8.3,,,,,,,,,,,,,,,,,,,,,,,
tt0027977,Modern Times,3/12/1937,Comedy,87, USA, G, Charles Chaplin,"$457,688.00 ",211.25,8.3,,,,,,,,,,,,,,,,,,,,,,,
tt0027977,Modern Times,3/12/1937,Drama,87, USA, G, Charles Chaplin,"$457,688.00 ",211.25,8.3,,,,,,,,,,,,,,,,,,,,,,,
tt0027977,Modern Times,3/12/1937,Family,87, USA, G, Charles Chaplin,"$457,688.00 ",211.25,8.3,,,,,,,,,,,,,,,,,,,,,,,
tt1345836,The Dark Knight Rises,8/29/2012,Action Adventure,164, UK, PG-13, Christopher Nolan,"$1,081,133,191.00 ", 1.480.582,8.3,,,,,,,,,,,,,,,,,,,,,,,
tt1853728,Django Unchained,1/17/2013,Drama,165, USA, R, Quentin Tarantino,"$425,368,238.00 ", 1.317.856,8.3,,,,,,,,,,,,,,,,,,,,,,,
tt1853728,Django Unchained,1/17/2013,Western,165, USA, R, Quentin Tarantino,"$425,368,238.00 ", 1.317.856,8.3,,,,,,,,,,,,,,,,,,,,,,,
tt0209144,Memento,1/19/2001,Mystery,113, USA, R, Christopher Nolan,"$39,970,386.00 ", 1.098.879,8.2,,,,,,,,,,,,,,,,,,,,,,,
tt0209144,Memento,1/19/2001,Thriller,113, USA, R, Christopher Nolan,"$39,970,386.00 ", 1.098.879,8.2,,,,,,,,,,,,,,,,,,,,,,,
tt0910970,WALL·E,10/17/2008,Animation,98, USA, G, Andrew Stanton,"$521,311,860.00 ",974.734,8.2,,,,,,,,,,,,,,,,,,,,,,,
tt0910970,WALL·E,10/17/2008,Adventure,98, USA, G, Andrew Stanton,"$521,311,860.00 ",974.734,8.2,,,,,,,,,,,,,,,,,,,,,,,
tt0910970,WALL·E,10/17/2008,Family,98, USA, G, Andrew Stanton,"$521,311,860.00 ",974.734,8.2,,,,,,,,,,,,,,,,,,,,,,,
tt0081505,The Shining,12/22/1980,Drama,146, UK, R, Stanley Kubrick,"$46,520,613.00 ",869.48,8.2,,,,,,,,,,,,,,,,,,,,,,,
tt0081505,The Shining,12/22/1980,Horror,146, UK, R, Stanley Kubrick,"$46,520,613.00 ",869.48,8.2,,,,,,,,,,,,,,,,,,,,,,,
tt0082971,Raiders of the Lost Ark,6/12/1981,Action Adventure,115, USA, PG, Steven Spielberg,"$390,133,212.00 ",865.51,8.2,,,,,,,,,,,,,,,,,,,,,,,
tt4154756,Avengers: Infinity War,4/25/2018,Action,149, USA,U/A," Anthony Russo ,Joe Russo","$2,048,359,754.00 ", 1.007.598,8.4,,,,,,,,,,,,,,,,,,,,,,796.486,8.2
tt4154756,Avengers: Infinity War,4/25/2018,Adventure,149, USA,U/A," Anthony Russo ,Joe Russo","$2,048,359,754.00 ", 1.007.598,8.4,,,,,,,,,,,,,,,,,,,,,,796.486,8.2
tt4154756,Avengers: Infinity War,4/25/2018,Sci-Fi,149, USA,U/A," Anthony Russo ,Joe Russo","$2,048,359,754.00 ", 1.007.598,8.4,,,,,,,,,,,,,,,,,,,,,,796.486,8.2
tt0078748,Alien,10/25/1979,Horror,117, UK, R, Ridley Scott,"$108,610,231.00 ",768.874,8.2,,,,,,,,,,,,,,,,,,,,,,,
tt0078748,Alien,10/25/1979,Sci-Fi,117, UK, R, Ridley Scott,"$108,610,231.00 ",768.874,8.2,,,,,,,,,,,,,,,,,,,,,,,
tt4154796,Avengers: Endgame,4/24/2019,Action,181, USA,U/A," Anthony Russo ,Joe Russo","$2,797,800,564.00 ", 1.007.598,8.4,,,,,,,,,,,,,,,,,,,,,,754.786,8.2
tt4154796,Avengers: Endgame,4/24/2019,Adventure,181, USA,U/A," Anthony Russo ,Joe Russo","$2,797,800,564.00 ", 1.007.598,8.4,,,,,,,,,,,,,,,,,,,,,,754.786,8.2
tt4154796,Avengers: Endgame,4/24/2019,Drama,181, USA,U/A," Anthony Russo ,Joe Russo","$2,797,800,564.00 ", 1.007.598,8.4,,,,,,,,,,,,,,,,,,,,,,754.786,8.2
tt0078788,Apocalypse Now,12/18/1979,Drama,147, USA, R, Francis Ford Coppola,"$100,000,000.00 ",591.251,8.2,,,,,,,,,,,,,,,,,,,,,,,
tt0078788,Apocalypse Now,12/18/1979,Mystery,147, USA, R, Francis Ford Coppola,"$100,000,000.00 ",591.251,8.2,,,,,,,,,,,,,,,,,,,,,,,
tt0078788,Apocalypse Now,12/18/1979,War,147, USA, R, Francis Ford Coppola,"$100,000,000.00 ",591.251,8.2,,,,,,,,,,,,,,,,,,,,,,,
tt0364569,Oldeuboi,5/6/2005,Action,120, South Korea, R, Chan-wook Park,"$17,052,444.00 ",501.082,8.1,,,,,,,,,,,,,,,,,,,,,,,
tt0364569,Oldeuboi,5/6/2005,Drama,120, South Korea, R, Chan-wook Park,"$17,052,444.00 ",501.082,8.1,,,,,,,,,,,,,,,,,,,,,,,
tt0364569,Oldeuboi,5/6/2005,Mystery,120, South Korea, R, Chan-wook Park,"$17,052,444.00 ",501.082,8.1,,,,,,,,,,,,,,,,,,,,,,,
tt0057012,Dr. Strange ,4/3/1964,Comedy,95,UK ,PG ,Stanley Kubrick ,"$955,775,804.00 ",441.115,8.1,,,,,,,,,,,,,,,,,,,,,,,
tt0047396,Rear Window,4/14/1955,Mystery,112, USA, R, Alfred Hitchcock,"$955,775,804.00 ",432.39,8.1,,,,,,,,,,,,,,,,,,,,,,,
tt0047396,Rear Window,4/14/1955,Thriller,112, USA, R, Alfred Hitchcock,"$955,775,804.00 ",432.39,8.1,,,,,,,,,,,,,,,,,,,,,,,
tt2380307,Coco,12/28/2017,Animation,105, USA,U/A," Lee Unkrich, Adrian Molina","$807,083,670.00 ", 1.007.598,8.4,,,,,,,,,,,,,,,,,,,,,,352.455,8.1
tt2380307,Coco,12/28/2017,Adventure,105, USA,U/A," Lee Unkrich, Adrian Molina","$807,083,670.00 ", 1.007.598,8.4,,,,,,,,,,,,,,,,,,,,,,352.455,8.1
tt2380307,Coco,12/28/2017,Family,105, USA,U/A," Lee Unkrich, Adrian Molina","$807,083,670.00 ", 1.007.598,8.4,,,,,,,,,,,,,,,,,,,,,,352.455,8.1
tt0405094,Das Leben der Anderen,4/6/2007,Drama,137, Germany, R, Florian Henckel von Donnersmarck,"$955,775,804.00 ",349.642,8.1,,,,,,,,,,,,,,,,,,,,,,,
tt0405094,Das Leben der Anderen,4/6/2007,Mystery,137, Germany, R, Florian Henckel von Donnersmarck,"$955,775,804.00 ",349.642,8.1,,,,,,,,,,,,,,,,,,,,,,,
tt0405094,Das Leben der Anderen,4/6/2007,Thriller,137, Germany, R, Florian Henckel von Donnersmarck,"$955,775,804.00 ",349.642,8.1,,,,,,,,,,,,,,,,,,,,,,,
tt4633694,Spider-Man: Into the Spider-Verse,12/25/2018,Animation,117, USA,U/A," Bob Persichetti,Peter Rmasey","$375,540,831.00 ", 1.007.598,8.4,,,,,,,,,,,,,,,,,,,,,,335.892,8.1
tt4633694,Spider-Man: Into the Spider-Verse,12/25/2018,Action,117, USA,U/A," Bob Persichetti,Peter Rmasey","$375,540,831.00 ", 1.007.598,8.4,,,,,,,,,,,,,,,,,,,,,,335.892,8.1
tt4633694,Spider-Man: Into the Spider-Verse,12/25/2018,Adventure,117, USA,U/A," Bob Persichetti,Peter Rmasey","$375,540,831.00 ", 1.007.598,8.4,,,,,,,,,,,,,,,,,,,,,,335.892,8.1
tt1187043,3 Idiots,12/25/2009,Comedy Drama,170, India,U/A, Rajkumar Hirani,"$60,262,836.00 ",332.217,8.1,,,,,,,,,,,,,,,,,,,,,,,
tt0119698,Mononoke-hime,5/19/2000,Animation,134, Japan, PG-13, Hayao Miyazaki,"$169,785,629.00 ",331.045,8,,,,,,,,,,,,,,,,,,,,,,,
tt0119698,Mononoke-hime,5/19/2000,Adventure,134, Japan, PG-13, Hayao Miyazaki,"$169,785,629.00 ",331.045,8,,,,,,,,,,,,,,,,,,,,,,,
tt0119698,Mononoke-hime,5/19/2000,Fantasy,134, Japan, PG-13, Hayao Miyazaki,"$169,785,629.00 ",331.045,8,,,,,,,,,,,,,,,,,,,,,,,
tt0087843,Once Upon a Time in America,9/28/1984,Crime,229, USA, R, Sergio Leone,"$5,472,914.00 ",302.317,8,,,,,,,,,,,,,,,,,,,,,,,
tt0087843,Once Upon a Time in America,9/28/1984,Drama,229, USA, R, Sergio Leone,"$5,472,914.00 ",302.317,8,,,,,,,,,,,,,,,,,,,,,,,
tt0032553,The Great Dictator,6/25/1945,Comedy,125, USA,U/A, Charles Chaplin,"$969,879.00 ",197.381,8,,,,,,,,,,,,,,,,,,,,,,,
tt0032553,The Great Dictator,6/25/1945,Drama,125, USA,U/A, Charles Chaplin,"$969,879.00 ",197.381,8,,,,,,,,,,,,,,,,,,,,,,,
tt0032553,The Great Dictator,6/25/1945,War,125, USA,U/A, Charles Chaplin,"$969,879.00 ",197.381,8,,,,,,,,,,,,,,,,,,,,,,,
tt0361748,Inglourious Basterds,10/2/2009,Adventure,153, Germany, R, Quentin Tarantino,"$321,455,689.00 ", 1.229.958,8,,,,,,,,,,,,,,,,,,,,,,,
tt0361748,Inglourious Basterds,10/2/2009,Drama,153, Germany, R, Quentin Tarantino,"$321,455,689.00 ", 1.229.958,8,,,,,,,,,,,,,,,,,,,,,,,
tt0361748,Inglourious Basterds,10/2/2009,War,153, Germany, R, Quentin Tarantino,"$321,455,689.00 ", 1.229.958,8,,,,,,,,,,,,,,,,,,,,,,,
tt0169547,American Beauty,1/21/2000,Drama,122,USA ,R ,Sam Mendes ,"$356,296,601.00 ",1.049.009 ,8,,,,,,,,,,,,,,,,,,,,,,,
tt0112573,Braveheart,12/1/1995,Biography,178, USA, R, Mel Gibson,"$213,216,216.00 ",941.683,7.9,,,,,,,,,,,,,,,,,,,,,,,
tt0112573,Braveheart,12/1/1995,Drama,178, USA, R, Mel Gibson,"$213,216,216.00 ",941.683,7.9,,,,,,,,,,,,,,,,,,,,,,,
tt0112573,Braveheart,12/1/1995,History,178, USA, R, Mel Gibson,"$213,216,216.00 ",941.683,7.9,,,,,,,,,,,,,,,,,,,,,,,
tt0086190,Star Wars: Episode VI - Return of the Jedi,10/21/1983,Action,131, USA, PG, Richard Marquand,"$475,347,111.00 ",928.036,7.9,,,,,,,,,,,,,,,,,,,,,,,
tt0086190,Star Wars: Episode VI - Return of the Jedi,10/21/1983,Adventure,131, USA, PG, Richard Marquand,"$475,347,111.00 ",928.036,7.9,,,,,,,,,,,,,,,,,,,,,,,
tt0086190,Star Wars: Episode VI - Return of the Jedi,10/21/1983,Fantasy,131, USA, PG, Richard Marquand,"$475,347,111.00 ",928.036,7.9,,,,,,,,,,,,,,,,,,,,,,,
tt0105236,Reservoir Dogs,10/9/1992,Crime,99, USA, R, Quentin Tarantino,"$2,889,963.00 ",896.551,7.9,,,,,,,,,,,,,,,,,,,,,,,
tt0105236,Reservoir Dogs,10/9/1992,Drama,99, USA, R, Quentin Tarantino,"$2,889,963.00 ",896.551,7.9,,,,,,,,,,,,,,,,,,,,,,,
tt0105236,Reservoir Dogs,10/9/1992,Thriller,99, USA, R, Quentin Tarantino,"$2,889,963.00 ",896.551,7.9,,,,,,,,,,,,,,,,,,,,,,,
tt0338013,Eternal Sunshine of the Spotless Mind,10/22/2004,Drama,108, USA, R, Michel Gondry,"$74,036,715.00 ",889.875,7.9,,,,,,,,,,,,,,,,,,,,,,,
tt0338013,Eternal Sunshine of the Spotless Mind,10/22/2004,Romance,108, USA, R, Michel Gondry,"$74,036,715.00 ",889.875,7.9,,,,,,,,,,,,,,,,,,,,,,,
tt0338013,Eternal Sunshine of the Spotless Mind,10/22/2004,Sci-Fi,108, USA, R, Michel Gondry,"$74,036,715.00 ",889.875,7.9,,,,,,,,,,,,,,,,,,,,,,,
tt0114709,Toy Story,3/22/1996,Animation,81, USA, G, John Lasseter,"$404,265,438.00 ",864.461,7.9,,,,,,,,,,,,,,,,,,,,,,,
tt0114709,Toy Story,3/22/1996,Adventure,81, USA, G, John Lasseter,"$404,265,438.00 ",864.461,7.9,,,,,,,,,,,,,,,,,,,,,,,
tt0114709,Toy Story,3/22/1996,Comedy,81, USA, G, John Lasseter,"$404,265,438.00 ",864.461,7.9,,,,,,,,,,,,,,,,,,,,,,,
tt0119217,Good Will Hunting,3/6/1998,Drama,126, USA, R, Gus Van Sant,"$225,933,435.00 ",837.379,7.8,,,,,,,,,,,,,,,,,,,,,,,
tt0119217,Good Will Hunting,3/6/1998,Romance,126, USA, R, Gus Van Sant,"$225,933,435.00 ",837.379,7.8,,,,,,,,,,,,,,,,,,,,,,,
tt0208092,Snatch,3/16/2001,Comedy Crime,104, UK, R, Guy Ritchie,"$83,557,872.00 ",766.589,7.8,,,,,,,,,,,,,,,,,,,,,,,
tt0180093,Requiem for a Dream,12/15/2000,Drama,102,USA ,R ,Darren Aronofsky ,"$7,390,108.00 ",748.291,7.8,,,,,,,,,,,,,,,,,,,,,,,
tt0066921,A Clockwork Orange,9/7/1972,Crime,136, UK,U/A, Stanley Kubrick,"$26,903,440.00 ",740.301,7.8,,,,,,,,,,,,,,,,,,,,,,,
tt0066921,A Clockwork Orange,9/7/1972,Drama,136, UK,U/A, Stanley Kubrick,"$26,903,440.00 ",740.301,7.8,,,,,,,,,,,,,,,,,,,,,,,
tt0066921,A Clockwork Orange,9/7/1972,Sci-Fi,136, UK,U/A, Stanley Kubrick,"$26,903,440.00 ",740.301,7.8,,,,,,,,,,,,,,,,,,,,,,,
tt0435761,Toy Story 3,7/7/2010,Animation,103, USA, G, Lee Unkrich,"$1,066,969,703.00 ",739.717,7.8,,,,,,,,,,,,,,,,,,,,,,,
tt0435761,Toy Story 3,7/7/2010,Adventure,103, USA, G, Lee Unkrich,"$1,066,969,703.00 ",739.717,7.8,,,,,,,,,,,,,,,,,,,,,,,
tt0435761,Toy Story 3,7/7/2010,Comedy,103, USA, G, Lee Unkrich,"$1,066,969,703.00 ",739.717,7.8,,,,,,,,,,,,,,,,,,,,,,,
tt0086250,Scarface,1984/02/34,Crime,170, USA, R, Brian De Palma,"$66,023,585.00 ",721.343,7.8,,,,,,,,,,,,,,,,,,,,,,,
tt0086250,Scarface,1984/02/34,Drama,170, USA, R, Brian De Palma,"$66,023,585.00 ",721.343,7.8,,,,,,,,,,,,,,,,,,,,,,,
tt0075314,Taxi Driver,1976/13/24,Crime,114, USA, R, Martin Scorsese,"$28,441,292.00 ",703.264,7.7,,,,,,,,,,,,,,,,,,,,,,,
tt0075314,Taxi Driver,1976/13/24,Drama,114, USA, R, Martin Scorsese,"$28,441,292.00 ",703.264,7.7,,,,,,,,,,,,,,,,,,,,,,,
tt0211915,Le fabuleux destin d'Amélie Poulain,1/25/2002,Comedy Romance,122, France, R, Jean-Pierre Jeunet,"$173,924,742.00 ",690.48,7.7,,,,,,,,,,,,,,,,,,,,,,,
tt0093058,Full Metal Jacket,10/9/1987,Drama War,116, UK,U/A, Stanley Kubrick,"$46,357,676.00 ",658.175,7.7,,,,,,,,,,,,,,,,,,,,,,,
tt0090605,Aliens,9/24/1986,Action,137, USA, R, James Cameron,"$131,384,634.00 ",639.5,7.7,,,,,,,,,,,,,,,,,,,,,,,
tt0090605,Aliens,9/24/1986,Adventure,137, USA, R, James Cameron,"$131,384,634.00 ",639.5,7.7,,,,,,,,,,,,,,,,,,,,,,,
tt0090605,Aliens,9/24/1986,Sci-Fi,137, USA, R, James Cameron,"$131,384,634.00 ",639.5,7.7,,,,,,,,,,,,,,,,,,,,,,,
tt0062622,2001: A Space Odyssey,12/12/1968,Adventure Sci-Fi,149, UK, G, Stanley Kubrick,"$68,989,547.00 ",587.866,7.6,,,,,,,,,,,,,,,,,,,,,,,
tt0033467,Citizen Kane,11/25/1948,Drama,119, USA, R, Orson Welles,"$1,594,107.00 ",389.322,7.6,,,,,,,,,,,,,,,,,,,,,,,
tt0033467,Citizen Kane,11/25/1948,Mystery,119, USA, R, Orson Welles,"$1,594,107.00 ",389.322,7.6,,,,,,,,,,,,,,,,,,,,,,,
tt8579674,1917,1/23/2020,Drama War,119, USA,U/A, Sam Mendes,"$384,857,224.00 ",362.897,7.6,,,,,,,,,,,,,,,,,,,,,,,
tt0086879,Amadeus,2/15/1985,Biography,160, USA, R, Milos Forman,"$52,066,791.00 ",361.028,7.6,,,,,,,,,,,,,,,,,,,,,,,
tt0086879,Amadeus,2/15/1985,Drama,160, USA, R, Milos Forman,"$52,066,791.00 ",361.028,7.6,,,,,,,,,,,,,,,,,,,,,,,
tt0086879,Amadeus,2/15/1985,History,160, USA, R, Milos Forman,"$52,066,791.00 ",361.028,7.6,,,,,,,,,,,,,,,,,,,,,,,
tt0052357,Vertigo,11/18/1958,Mystery,128, USA,U/A, Alfred Hitchcock,"$7,796,389.00 ",352.786,7.5,,,,,,,,,,,,,,,,,,,,,,,
tt0052357,Vertigo,11/18/1958,Romance,128, USA,U/A, Alfred Hitchcock,"$7,796,389.00 ",352.786,7.5,,,,,,,,,,,,,,,,,,,,,,,
tt0052357,Vertigo,11/18/1958,Thriller,128, USA,U/A, Alfred Hitchcock,"$7,796,389.00 ",352.786,7.5,,,,,,,,,,,,,,,,,,,,,,,
tt0053125,North by Northwest,10/28/1959,Adventure,136, USA,U/A, Alfred Hitchcock,"$73,446.00 ",291.628,7.5,,,,,,,,,,,,,,,,,,,,,,,
tt0053125,North by Northwest,10/28/1959,Mystery,136, USA,U/A, Alfred Hitchcock,"$73,446.00 ",291.628,7.5,,,,,,,,,,,,,,,,,,,,,,,
tt0053125,North by Northwest,10/28/1959,Thriller,136, USA,U/A, Alfred Hitchcock,"$73,446.00 ",291.628,7.5,,,,,,,,,,,,,,,,,,,,,,,
tt2106476,Jagten,11/22/2012,Drama,115,Denmark ,R ,Thomas Vinterberg ,"$15,843,274.00 ",269.616,7.5,,,,,,,,,,,,,,,,,,,,,,,
tt0056172,Lawrence of Arabia,10/29/1963,Adventure,228, UK, PG, David Lean,"$45,710,874.00 ",261.504,7.5,,,,,,,,,,,,,,,,,,,,,,,
tt0056172,Lawrence of Arabia,10/29/1963,Biography,228, UK, PG, David Lean,"$45,710,874.00 ",261.504,7.5,,,,,,,,,,,,,,,,,,,,,,,
tt0056172,Lawrence of Arabia,10/29/1963,Drama,228, UK, PG, David Lean,"$45,710,874.00 ",261.504,7.5,,,,,,,,,,,,,,,,,,,,,,,
tt0070735,The Sting,3/21/1974,Comedy,129, USA, PG, George Roy Hill,"$156,000,000.00 ",236.285,7.5,,,,,,,,,,,,,,,,,,,,,,,
tt0070735,The Sting,3/21/1974,Crime,129, USA, PG, George Roy Hill,"$156,000,000.00 ",236.285,7.5,,,,,,,,,,,,,,,,,,,,,,,
tt0070735,The Sting,3/21/1974,Drama,129, USA, PG, George Roy Hill,"$156,000,000.00 ",236.285,7.5,,,,,,,,,,,,,,,,,,,,,,,
tt0082096,Das Boot,3/18/1982,Adventure,149, West Germany, R, Wolfgang Petersen,"$11,487,676.00 ",226.427,7.5,,,,,,,,,,,,,,,,,,,,,,,
tt0082096,Das Boot,3/18/1982,Drama,149, West Germany, R, Wolfgang Petersen,"$11,487,676.00 ",226.427,7.5,,,,,,,,,,,,,,,,,,,,,,,
tt0082096,Das Boot,3/18/1982,Thriller,149, West Germany, R, Wolfgang Petersen,"$11,487,676.00 ",226.427,7.5,,,,,,,,,,,,,,,,,,,,,,,
tt0059578,Per qualche dollaro in più,12/20/1965,Western,132,Italy ,U/A,Sergio Leone ,"$15,000,000.00 ",226.039,7.4,,,,,,,,,,,,,,,,,,,,,,,
tt1832382,Jodaeiye Nader az Simin,10/21/2011,Drama,123,Iran ,PG-13 ,Asghar Farhadi ,"$22,926,076.00 ",214.165,7.4,,,,,,,,,,,,,,,,,,,,,,,
tt0045152,Singin' in the Rain,2/5/1953,Comedy,103, USA,U/A, Stanley Donen,"$1,864,182.00 ",213.152,7.4,,,,,,,,,,,,,,,,,,,,,,,
tt0045152,Singin' in the Rain,2/5/1953,Musical,103, USA,U/A, Stanley Donen,"$1,864,182.00 ",213.152,7.4,,,,,,,,,,,,,,,,,,,,,,,
tt0045152,Singin' in the Rain,2/5/1953,Romance,103, USA,U/A, Stanley Donen,"$1,864,182.00 ",213.152,7.4,,,,,,,,,,,,,,,,,,,,,,,
